0.0765110941086462, 5.892857142857139
0.10711553175210398, 8.4375
0.15302218821729152, 11.785714285714278
0.18362662586075018, 14.464285714285708
0.21423106350420795, 17.410714285714278
0.2448355011476666, 20.357142857142847
0.30604437643458304, 23.303571428571416
0.3366488140780417, 25.982142857142847
0.39785768936495813, 29.33035714285714
0.459066564651875, 31.607142857142847
0.5202754399387914, 34.82142857142857
0.5814843152257079, 37.499999999999986
0.6426931905126247, 40.44642857142857
0.7039020657995412, 43.125
0.7804131599081869, 46.33928571428571
0.826319816373374, 48.75
0.9487375669472078, 51.96428571428571
1.0099464422341242, 54.375
1.1017597551644993, 57.58928571428572
1.178270849273145, 60.133928571428584
1.3006885998469775, 63.34821428571429
1.3771996939556241, 65.625
1.4996174445294574, 68.83928571428572
1.591430757459832, 71.25
1.7138485080336654, 74.19642857142857
1.8362662586074983, 76.60714285714286
1.973986228003061, 79.55357142857143
2.0964039785768946, 81.96428571428572
2.280030604437644, 84.91071428571428
2.402448355011477, 87.05357142857143
2.6166794185156856, 89.73214285714286
2.800306044376435, 92.14285714285714
3.0298393267023727, 94.55357142857143
3.198163733741392, 96.69642857142857
3.4889058913542472, 98.83928571428572
3.703136954858455, 100.71428571428572
3.947972456006121, 102.85714285714286
4.1928079571537875, 104.46428571428572
4.4988523335883706, 106.07142857142858
4.774292272379495, 107.54464285714286
5.0191277735271616, 109.01785714285714
5.325172149961745, 110.08928571428572
5.661820964039785, 111.69642857142857
5.9678653404743685, 112.76785714285714
6.304514154552411, 113.83928571428572
6.579954093343536, 114.77678571428572
6.916602907421577, 115.71428571428572
7.22264728385616, 116.65178571428572
7.559296097934201, 117.32142857142858
7.834736036725326, 117.85714285714286
8.232593726090284, 118.39285714285714
8.538638102524867, 118.79464285714286
8.875286916602908, 119.0625
9.211935730680949, 119.33035714285714
9.548584544758992, 119.33035714285714
9.824024483550115, 119.33035714285714
10.221882172915073, 119.19642857142857
10.527926549349656, 119.19642857142857
10.864575363427699, 119.33035714285714
11.231828615149198, 119.33035714285714
11.568477429227238, 119.46428571428572
11.843917368018364, 119.59821428571429
12.24177505738332, 119.73214285714286
12.517214996174445, 120
12.884468247895946, 120.13392857142857
13.129303749043613, 120.26785714285714
13.55776587605203, 120.53571428571429
13.894414690130072, 120.66964285714286
14.200459066564653, 120.9375
14.537107880642695, 120.9375
14.84315225707728, 121.33928571428572
15.210405508798777, 121.33928571428572
15.54705432287682, 121.60714285714286
15.761285386381028, 121.60714285714286
16.220351951032903, 121.875
16.52639632746748, 122.00892857142857
16.89364957918898, 122.14285714285714
17.199693955623566, 122.41071428571429
17.536342769701605, 122.67857142857143
17.811782708492736, 122.67857142857143
18.20964039785769, 123.08035714285714
18.485080336648814, 123.21428571428572
18.882938026013775, 123.48214285714286
19.18898240244836, 123.48214285714286
19.5256312165264, 123.75
19.86228003060444, 123.75
