0.08449710902484975, -0.7716931037854238
0.11397694507558609, -0.8531480102589484
0.14345678112632243, -0.9045932143474857
0.17293661717705877, -0.3558443707363921
0.2024164532277951, 0.4844272960430871
0.23189628927853145, 1.1446407485126855
0.2613761253292678, 1.6891024917830748
0.29085596138000414, 2.2549997367570143
0.3203357974307405, 2.615116165376783
0.3498156334814768, 2.872342185819484
0.37929546953221316, 3.112419804899332
0.4087753055829493, 3.3439232232977716
0.43825514163368573, 3.575426641696204
0.4677349776844222, 3.9526914716788255
0.4972148137351584, 4.449995111201375
0.5266946497858949, 4.930150349361085
0.5561744858366311, 5.388870085817224
0.5856543218873675, 5.817580119888397
0.6151341579381038, 6.096241642034649
0.6446139939888402, 6.323457960092377
0.6740938300395765, 6.499229074061553
0.7035736660903129, 6.4820806726987
0.7330535021410491, 6.4091999669066055
0.7625333381917856, 6.4091999669066055
0.7920131742425218, 6.327745060433081
0.8214930102932583, 6.340606361455215
0.8509728463439945, 6.4949419737208345
0.880452682394731, 6.657851786667877
0.9099325184454672, 6.692148589393575
0.9394123544962036, 6.692148589393575
0.9688921905469399, 6.692148589393575
0.9983720265976763, 6.692148589393575
1.0278518626484126, 6.644990485645742
1.057331698699149, 6.584971080875782
1.0868115347498852, 6.503516174402257
1.1162913708006217, 6.41348706724731
1.145771206851358, 6.396338665884471
1.1752510429020944, 6.314883759410947
1.2047308789528306, 6.314883759410947
1.234210715003567, 6.314883759410947
1.2636905510543033, 6.314883759410947
1.2931703871050397, 6.267725655663121
1.322650223155776, 6.220567551915288
1.3521300592065124, 6.19913205021173
1.3816098952572489, 6.126251344419636
1.4110897313079853, 6.096241642034649
1.4405695673587213, 6.0276480365832725
1.4700494034094578, 5.937618929428325
1.4995292394601942, 5.860451123295505
1.5290090755109307, 5.843302721932666
1.5584889115616667, 5.791857517844129
1.5879687476124031, 5.748986514437007
1.6174485836631396, 5.748986514437007
1.646928419713876, 5.748986514437007
1.676408255764612, 5.748986514437007
1.7058880918153485, 5.6675316079634825
1.735367927866085, 5.736125213414873
1.7648477639168214, 5.748986514437007
1.7943275999675574, 5.834728521251236
1.8238074360182939, 5.959054431131882
1.8506072869735086, 6.052894294145233
