0.15427393761853792, -3.1115543078531083
0.1954828835934126, -3.4128774940841886
0.2402039556456913, -3.4445851124066458
0.2650564287457984, -3.9149796963723027
0.28830707503176645, -4.282494454343922
0.32660225714983193, -4.523888946484856
0.3704047731510973, -4.518159173981385
0.3995103923361485, -4.048186334564566
0.40902014909958107, -3.0282045608224415
0.41737720807350676, -2.000063407617912
0.42486974370530217, -0.9515497674192979
0.4323302599540557, -0.025656353215367744
0.435244023810865, 0.6356302099922146
0.43899029162676273, 1.2216983032430058
0.44523407131992565, 2.063446224659682
0.45172760220081476, 3.0491017424387366
0.4895649071413817, 3.045570752432333
0.4914380410493304, 2.3705675423606785
0.4962060182695638, 1.7753374389338603
0.49961171628401635, 0.5312813197298603
0.5016064822639099, -0.17916926438982017
0.5016551350926879, 1.1720774271898122
0.5054865453589468, -0.792750626238881
0.5107045612453758, -1.45267130284876
0.5176619157606144, -2.242127161807744
0.5433506093553413, -2.8257380367402227
0.5756041913131653, -2.2768424161866783
0.5938360280172008, -1.515924154676906
0.6004544344919536, -0.7410333267186431
0.60893462254794, 0.10228061884306072
0.6202520190267358, 1.0454212679157706
0.6297617757901683, 1.7131515038393523
0.6319230841454939, 2.4150815933391527
0.6337962180534429, 2.854014484317002
0.6513748593434243, 3.269160002555303
0.6824976996601129, 4.037909846638932
0.6914887424182676, 4.89850277859404
0.772119952794281, 5.109630430992606
0.8102870573801788, 5.695772641550345
0.8435872157437141, 6.018863463767975
0.8822986498413234, 5.837488494071216
0.9144781297983935, 5.404169194350025
0.9387424182675155, 5.940041777695988
0.9721433534260981, 6.613978394483713
1.0064057785115754, 7.481564265998941
1.0504964689602174, 7.612531207511768
1.088474827709237, 7.930729867944674
1.1231770980038684, 8.27705712182643
1.163580925018309, 8.066152217791561
1.2032289260698923, 8.207932232839276
1.2444378720447675, 8.821906339482812
1.2801977011965182, 9.254587780276474
1.3193632283627215, 9.923046965720616
1.3590112294143053, 10.375330163694198
1.399372805287965, 10.163682792379767
1.4429900662873452, 10.436413205806474
1.4841990122622202, 10.803021976167148
1.5254079582370947, 11.145223557172176
1.5666169042119693, 11.204851762820326
1.6078258501868439, 11.481050803596009
1.6490347961617184, 11.571961463207021
1.6922609632682304, 11.302621960725727
1.7284556738587498, 11.45911313665243
1.7691495080089383, 11.374169751187242
1.8138705800612172, 11.259421827530666
1.8550795260360917, 11.51637012740612
1.8962884720109663, 11.434024118915108
1.9374974179858413, 11.3949922774496
1.9787063639607159, 11.435369742197523
2.01991530993559, 11.548739599525469
2.0611242559104648, 11.549813468268763
2.1023332018853393, 11.845263249944672
2.143542147860215, 12.013176873156588
2.1847510938350894, 12.024678226554173
2.225960039809964, 12.084306432202322
2.2671689857848385, 12.175217091813337
2.308377931759713, 12.31184826106239
2.3495868777345876, 12.527888736524869
2.390795823709462, 12.546609117760038
2.435215856383678, 12.564592460968516
2.471010028708683, 12.669597770831501
2.514422661634086, 12.624083581747936
2.5556316076089605, 12.68164920801392
2.596840553583836, 12.931378480051794
2.6380494995587105, 12.950098861286964
2.679258445533585, 13.199828133324836
2.7111017219687152, 13.52547773394486
