1.0270880361173815, -0.06110458284369713
1.2322112081656686, -0.06110458284369713
1.4373343802139562, -0.06110458284369713
1.6424575522622433, -0.06110458284369713
1.8475807243105309, 0.07691485952356913
2.052703896358818, 1.1485952355517668
2.2578270684071056, 2.4557205426770707
2.4536264599077433, 4.127379553466525
2.6401020708607317, 5.9492361927144515
2.83590146236137, 7.513727165901074
3.041024634409657, 8.0414485631877
3.246147806457944, 8.44738809956202
3.451270978506232, 8.512338425381913
3.656394150554519, 8.520457216109392
3.8615173226028063, 8.772139728661472
4.066640494651093, 9.121247729943391
4.271763666699382, 9.827582523234696
4.476886838747669, 11.061638713812627
4.682010010795956, 12.157675462023292
4.887133182844243, 12.661040487127451
5.09225635489253, 13.08321760495673
5.2973795269408175, 13.407969234056196
5.502502698989105, 13.643414165153303
5.707625871037392, 14.227967097532314
5.912749043085681, 15.0723213331909
6.117872215133968, 16.298258733041337
6.313671606634605, 18.255699177438316
6.509470998135242, 20.219634654417263
6.714594170183531, 22.086956521739125
6.919717342231818, 23.873090481786136
7.1248405142801055, 25.366947975643626
7.329963686328393, 26.66595449204145
7.53508685837668, 27.640209379339808
7.740210030424967, 28.167930776626434
7.945333202473254, 28.549513940818287
8.150456374521543, 28.443969661360967
8.35557954656983, 28.26535626535626
8.560702718618117, 27.891891891891888
8.765825890666404, 27.494071146245062
8.970949062714691, 27.201794680055542
9.176072234762978, 26.98258733041341
9.381195406811266, 26.803973934408702
9.586318578859553, 26.73090481786133
9.791441750907842, 26.592885375494063
9.996564922956129, 26.105757931844877
10.201688095004416, 25.610511697468212
10.406811267052703, 25.14774062600148
10.61193443910099, 24.701207135989733
10.817057611149277, 24.238436064523015
11.022180783197564, 23.791902574511255
11.227303955245851, 23.329131503044536
11.43242712729414, 22.817647687212883
11.637550299342427, 22.346757825018685
11.842673471390714, 22.241213545561365
12.038472862891352, 22.104817861339598
