0, 0
9.342132901054079, 0
10.17937784275504, 0
10.487836505486973, 2.668869246345082
11.03131129220514, 9.449160892802638
11.354458462686212, 11.568002032320635
11.912621757153518, 13.474959057886792
12.382654005125987, 14.110611399742197
12.926128791844155, 14.110611399742197
13.52835760955888, 12.839306716031388
14.145274935022746, 11.144233804417013
14.600618675246077, 10.296697348609825
15.173470477462521, 10.084813234658043
15.937272880417785, 10.296697348609825
16.46605915938681, 10.93234969046523
16.862648868613583, 11.779886146272418
17.185796039094654, 11.356117918368852
17.714582318063684, 10.93234969046523
18.39025367452411, 9.87292912070626
18.845597414747438, 9.661045006754478
19.47720324796044, 9.237276778850855
19.991301019180334, 8.60162443699545
20.417267743905377, 8.60162443699545
20.916677007376123, 8.389740323043668
21.34264373210118, 8.389740323043668
21.827364487822784, 8.389740323043668
22.532412859781495, 8.177856209091885
23.34028078598417, 7.754087981188263
24.221591250932548, 7.754087981188263
25.14696723912835, 7.542203867236481
26.057654719575005, 7.330319753284698
26.953653692272532, 7.118435639332915
27.93778371146489, 6.906551525381019
28.877848207409826, 6.906551525381019
29.8326012111039, 6.906551525381019
30.74328869155056, 6.694667411429236
31.565845125502378, 6.694667411429236
32.5352866369456, 6.482783297477511
33.59285919488366, 6.694667411429236
34.54761219857773, 6.694667411429236
35.50236520227181, 6.694667411429236
36.33961014397277, 6.482783297477511
37.30905165541599, 6.270899183525728
37.55875628715136, 6.270899183525728
