0.09675706253070104, -1.1493045256363388
0.13771346975888632, -1.441065142809137
0.17866987698707165, -1.7384365410814127
0.21962628421525698, -2.0358079393536883
0.2605826914434423, -1.9965324716573463
0.3015390986716276, -1.5757238891965812
0.34249550589981287, -1.1380829634373981
0.38345191312799826, -0.7004420376782008
0.42440832035618353, -0.07764533563627651
0.4653647275843689, 0.6293130828978093
0.5063211348125543, 1.336271501431895
0.5472775420407396, 2.020786795568071
0.5882339492689248, 2.1386131986570973
0.6291903564971102, 1.9983436711701756
0.6701467637252956, 1.8636849247827172
0.711103170953481, 1.7514693027931827
0.7520595781816661, 2.2227749151492304
0.7930159854098515, 2.9381495053325466
0.8339723926380369, 3.6254701900184543
0.8749287998662223, 4.360482514049927
0.9158852070944075, 5.269429052165165
0.9568416143225928, 6.251315744573624
0.9977980215507782, 7.233202436982069
1.0387544287789636, 8.220699910489998
1.0797108360071488, 9.247472851694262
1.1206672432353342, 10.279856573998003
1.1616236504635196, 11.30662951520226
1.2025800576917047, 12.299737769809667
1.2435364649198901, 12.916923690752121
1.2844928721480755, 13.511666487296665
1.325449279376261, 14.117630846040164
1.366405686604446, 14.684319737087328
1.4073620938326314, 15.127571443945996
1.4483185010608168, 15.565212369705193
1.4892749082890022, 15.991631733265436
1.5302313155171874, 16.40121875352724
1.5711877227453728, 16.737865619495857
1.6121441299735582, 17.080123266563938
1.6531005372017433, 17.416770132532555
1.6940569444299287, 17.69730918750639
1.735013351658114, 17.84318949609279
1.7759697588862993, 17.966626680281287
1.8169261661144847, 18.095674645569254
1.85788257334267, 18.2527765163546
1.8988389805708554, 18.432321511537864
1.9397953877990408, 18.595034163422696
1.9807517950272262, 18.712860566511708
2.0217082022554114, 18.83068696960072
2.0626646094835968, 18.95412415378921
2.103621016711782, 19.06633977577875
2.1445774239399675, 19.18977695996724
2.185533831168153, 19.301992581956775
2.2264902383963383, 19.425429766145264
2.2674466456245237, 19.537645388134806
2.308403052852709, 19.661082572323295
2.349359460080894, 19.77329819431283
2.3903158673090794, 19.89673537850132
2.414517380671189, 19.947232408396616
